{
    "viaOffset": 500, 
    "viaPitch": 300, 
    "viaPoints": [
        [
            5000, 
            7500
        ], 
        [
            4500, 
            4792
        ], 
        [
            4500, 
            3500
        ], 
        [
            3309, 
            3500
        ], 
        [
            1000, 
            5500
        ], 
        [
            4694.74940452948, 
            7500.0
        ], 
        [
            4389.4988090589595, 
            7500.0
        ], 
        [
            4084.2482135884384, 
            7500.0
        ], 
        [
            3778.997618117918, 
            7500.0
        ], 
        [
            3473.747022647398, 
            7500.0
        ], 
        [
            3168.496427176877, 
            7500.0
        ], 
        [
            2865.026547599497, 
            7481.007964279849
        ], 
        [
            2613.53599465765, 
            7316.612565323029
        ], 
        [
            2501.7381845321465, 
            7037.810952514348
        ], 
        [
            2569.883414485461, 
            6745.243988758386
        ], 
        [
            2773.241871852507, 
            6518.758128147493
        ], 
        [
            2989.0866378709434, 
            6302.913362129057
        ], 
        [
            3204.93140388938, 
            6087.06859611062
        ], 
        [
            3420.776169907817, 
            5871.223830092184
        ], 
        [
            3636.6209359262534, 
            5655.379064073747
        ], 
        [
            3852.4657019446895, 
            5439.5342980553105
        ], 
        [
            4068.310467963126, 
            5223.689532036874
        ], 
        [
            4284.1552339815635, 
            5007.8447660184365
        ], 
        [
            4500.0, 
            4469.0
        ], 
        [
            4500.0, 
            4146.0
        ], 
        [
            4500.0, 
            3823.0
        ], 
        [
            4103.0, 
            3500.0
        ], 
        [
            3706.0, 
            3500.0
        ], 
        [
            3167.49497119959, 
            3783.01005760082
        ], 
        [
            3025.98994239918, 
            4066.0201152016402
        ], 
        [
            2884.4849135987697, 
            4349.030172802461
        ], 
        [
            2742.9798847983598, 
            4632.0402304032805
        ], 
        [
            2601.47485599795, 
            4915.0502880041
        ], 
        [
            2459.96982719754, 
            5198.06034560492
        ], 
        [
            2253.054701480633, 
            5430.745362085551
        ], 
        [
            1949.244590667347, 
            5500.0
        ], 
        [
            1632.8297271115644, 
            5500.0
        ], 
        [
            1316.4148635557822, 
            5500.0
        ], 
        [
            1000, 
            4500
        ], 
        [
            1691, 
            4500
        ], 
        [
            2391, 
            3099
        ], 
        [
            646, 
            1354
        ], 
        [
            1345.5, 
            4500.0
        ], 
        [
            1831.0, 
            4219.8
        ], 
        [
            1971.0, 
            3939.6
        ], 
        [
            2111.0, 
            3659.4
        ], 
        [
            2251.0, 
            3379.2
        ], 
        [
            2172.875, 
            2880.875
        ], 
        [
            1954.75, 
            2662.75
        ], 
        [
            1736.625, 
            2444.625
        ], 
        [
            1518.5, 
            2226.5
        ], 
        [
            1300.375, 
            2008.375
        ], 
        [
            1082.25, 
            1790.25
        ], 
        [
            864.1249999999998, 
            1572.1249999999998
        ], 
        [
            1354, 
            646
        ], 
        [
            3208, 
            2500
        ], 
        [
            4208, 
            6500
        ], 
        [
            5000, 
            6500
        ], 
        [
            1585.75, 
            877.75
        ], 
        [
            1817.5, 
            1109.5
        ], 
        [
            2049.25, 
            1341.25
        ], 
        [
            2281.0, 
            1573.0
        ], 
        [
            2512.75, 
            1804.75
        ], 
        [
            2744.5, 
            2036.5
        ], 
        [
            2976.25, 
            2268.25
        ], 
        [
            3521.826221198528, 
            2500.0
        ], 
        [
            3835.6524423970554, 
            2500.0
        ], 
        [
            4149.478663595583, 
            2500.0
        ], 
        [
            4463.304884794111, 
            2500.0
        ], 
        [
            4777.131105992639, 
            2500.0
        ], 
        [
            5090.442225924456, 
            2508.4261654716865
        ], 
        [
            5361.752619824986, 
            2655.5595570897576
        ], 
        [
            5495.659716859078, 
            2933.690244526282
        ], 
        [
            5500.0, 
            3247.327409592284
        ], 
        [
            5500.0, 
            3561.1536307908113
        ], 
        [
            5500.0, 
            3874.9798519893393
        ], 
        [
            5500.0, 
            4188.806073187867
        ], 
        [
            5500.0, 
            4502.632294386395
        ], 
        [
            5500.0, 
            4816.458515584923
        ], 
        [
            5482.866941745119, 
            5128.776860849602
        ], 
        [
            5317.5432456181425, 
            5390.4567543818575
        ], 
        [
            5095.634596494514, 
            5612.365403505486
        ], 
        [
            4873.7259473708855, 
            5834.2740526291145
        ], 
        [
            4651.817298247257, 
            6056.182701752743
        ], 
        [
            4429.9086491236285, 
            6278.0913508763715
        ], 
        [
            4604.0, 
            6500.0
        ]
    ], 
    "pathList": [
        [
            [
                1000, 
                1000
            ], 
            [
                3000, 
                3000
            ], 
            [
                5000, 
                3000
            ], 
            [
                5000, 
                5000
            ], 
            [
                3000, 
                7000
            ], 
            [
                5000, 
                7000
            ]
        ], 
        [
            [
                3000, 
                3000
            ], 
            [
                2000, 
                5000
            ], 
            [
                1000, 
                5000
            ]
        ]
    ]
}